Timestamp,E-mail,Rolll Number (ie. 2xi-xxxx format),Phone Number (ie. 0xxx-xxxxxxx),Section,Height (in centimeters),Weight (in kilograms),Body Mass Index,BMI Rating,Age,Number Of Steps (Average Per Day),Weight Of Father (in kilograms),Weight Of Mother (in kilograms),Family Average,Meals Per Day (Numberic Only),Gender,"Frequency Of Eating Out (Average  takeouts per month, numeric only)",Caloric Intake,Name
11/14/2024 11:01:56,i235539@isb.nu.edu.pk,23i 5539,03238585013,FT-A,178,80,25.2493372,Overweight,20,1100,85,76,80.5,2,Male,4,1826.666667,Rafay Ur Rehman 
11/14/2024 11:03:09,i230025@isb.nu.edu.pk,23i-0025,03434433135,CS-D,170.72,58,19.90028011,Normal,19,5780,80,50,65,3,Male,6,2740,M. Aashir Sheraz
11/14/2024 11:08:22,i230566@isb.nu.edu.pk,23i-0566,03251001343,CS-D,165.87,50,18.17332172,Underweight,19,15000,75,70,72.5,3,Male,2,2613.333333,M. Yasir Suhail
11/14/2024 11:10:42,i230529@isb.nu.edu.pk,23i-0529,03351897839,CS-D,172,62,20.9572742,Normal,19,10000,72,72,72,3,Male,2,2613.333333,Muhammad Moiz
11/14/2024 12:12:27,i230716@isb.nu.edu.pk,23i-0716,0333-1632861,CS-D,170.18,61,21.06263959,Normal,19,15000,80,60,70,3,Male,12,2930,Muhammad Ammar Asad
11/14/2024 14:50:32,i232514@isb.nu.edu.pk,i232514,03497415397,Other,169,61,21.3577956,Normal,20,6000,85,110,97.5,2,Female,5,1558.333333,Ayesha
11/14/2024 17:17:59,i232571@isb.nu.edu.pk,23i-2571,03205201976,AI-B,165,50,18.36547291,Underweight,19,2000,75,70,72.5,3,Male,10,2866.666667,Muhammad Taha 
11/14/2024 17:23:40,i230108@isb.nu.edu.pk,23i-0108,03085025020,AI-B,167,64,22.94811574,Normal,18,3300,99,70,84.5,2,Female,5,1558.333333,Fatima ajmal
11/14/2024 18:12:57,i234146@isb.nu.edu.pk,23i-4146,0325 3479956,Other,165,54,19.83471074,Normal,21,7000,NaN,75,75,3,Male,10,2866.666667,Umer Khan
11/14/2024 18:13:31,i230091@isb.nu.edu.pk,23i-0091,0344-5626416,AI-B,180,54,16.66666667,Underweight,19,3000,76,67,71.5,3,Male,7,2771.666667,Ehtisham Abid
11/14/2024 18:34:18,haziqmubi667@gmail.com,23i-2579,03334584465,Other,186,82,23.7021621,Normal,19,8000,82,63,72.5,2,Male,1,1731.666667,Haziq Mubashir 
11/14/2024 19:03:43,i230101@isb.nu.edu.pk ,23i-0101,03015459515,Other,158,61,24.43518667,Normal,19,1000,80,70,75,2,Female,2,1463.333333,Misbah Khan 
11/14/2024 19:25:54,I230081@isb.nu.edu.pk,23i-0081 ,03115041955,AI-B,167,60,21.51385851,Normal,19,6000,80,60,70,2,Male,10,2016.666667,Hamd-ul-haq 
11/14/2024 19:32:01,i246083@isb.nu.edu.pk,24i-6083 ,03145080207,EE-A,175,60,19.59183673,Normal,18,1000,75,50,62.5,3,Male,17,3088.333333,Ahmad Rafique 
11/14/2024 20:28:51,I230094@isb.nu.edu.pk,23i-0094 ,03325166776,AI-B,174,70,23.1206236,Normal,19,1600,90,80,85,2,Male,8,1953.333333,Hasaan
11/14/2024 20:29:35,abdulmat40@gmail.com,23i-2511,03103995488,AI-B,180,52,16.04938272,Underweight,19,1000,75,60,67.5,3,Male,5,2708.333333,Abdul Mateen
11/14/2024 20:31:28,i230073@isb.nu.edu.pk,I230073,03195868870,AI-B,180.399999,64,19.66558692,Normal,20,1800,76,80,78,3,Male,1,2581.666667,Abdullah Attique 
11/14/2024 20:50:24,I232585@isb.nu.edu.pk,23i-2585,03119640806,Other,177,80,25.53544639,Overweight,21,5000,100,87,93.5,4,Male,4,3526.666667,Abdullah butt
11/14/2024 20:51:23,i224945@nu.edu.pk,22I4945,03305948205,Other,162,56,21.33821064,Normal,21,4000,98,78,88,3,Female,6,2290,Mahnoor Sahi
11/14/2024 20:55:09,i232582@isb.nu.edu.pk,23i-2582,03255317143,Other,180,76,23.45679012,Normal,19,1500,78,65,71.5,3,Male,5,2708.333333,Zain Shahid 
11/14/2024 20:55:45,i232520@isb.nu.edu.pk,23i-2520 ,0334-1010605,Other,177.8,64,20.24493845,Normal,19,1330,77,90,83.5,2,Male,1,1731.666667,Muhammad Noor
11/14/2024 20:55:58,l232641@lhr.nu.edu.pk,23l-2641,03212594314,Other,152.4,49,21.09726442,Normal,20,3000,72,52,62,3,Female,1,2131.666667,Eesha khurram 
11/14/2024 20:56:06,i232615@isb.nu.edu.pk,23i-2615,03379910748,Other,150,50,22.22222222,Normal,18,2000,70,80,75,3,Female,0,2100,Arqam Zoha 
11/14/2024 21:05:42,i230106@isb.nu.edu.pk,23i-0106,0324-4440041,Other,167,41,14.70113665,Underweight,20,3000,NaN,52,52,3,Female,9,2385,Hadia Khawar
11/14/2024 21:37:28,I230112@isb.nu.edu.pk,23i-0112,03174909200,Other,172,76.7,25.92617631,Overweight,21,7000,65,48,56.5,2,Male,6,1890,Ijtaba Rizvi
11/14/2024 22:14:41,i232523@isb.nu.edu.pk,23i-2523,03115043041,Other,175,72,23.51020408,Normal,19,2000,80,80,80,3,Male,0,2550,Abdullah Ali
11/14/2024 22:32:37,meeqaatashal@gmail.com,23i-2586,03205519044,Other,170,55,19.03114187,Normal,19,500,95,67,81,2,Female,7,1621.666667,Ash Al Meeqaat
11/14/2024 22:52:44,vvaqasahmed27@gmail.com,23i-2540,03285388764,Other,179,50,15.60500609,Underweight,20,6000,85,53,69,3,Male,4,2676.666667,Waqas
11/14/2024 22:54:25,eeshaaladeel@gmail.com,23i-2500,0333-0522006,Other,165,46,16.89623508,Underweight,18,3000,81,70,75.5,2,Female,5,1558.333333,Eeshaal Adeel
11/14/2024 23:27:27,i232616@isb.nu.edu.pk,23i-26161,0312 7033679,Other,175,34,11.10204082,Underweight,18,1000,95,95,95,3,Female,6,2290,Fatima
11/15/2024 0:18:19,i230701@isb.nu.edu.pk,23i-0701,03219254266,CS-D,179,50,15.60500609,Underweight,19,1000,76,66,71,3,Male,8,2803.333333,Umar Hussain
11/15/2024 10:37:09,I232556@isb.nu.edu.pk , 23i-2556 ,0336 9477 981,Other,165,48,17.63085399,Underweight,20,50000,80,80,80,3,Female,5,2258.333333,Amna
11/15/2024 13:15:49,i232650@isb.nu.edu.pk,23I-2650,03192158484,Other,170,60,20.76124567,Normal,20,5000,76,70,73,3,Male,4,2676.666667,Talha Zaheer 
11/15/2024 14:28:59,i232507@isb.nu.edu.pk,23i-2507,03360069100,Other,165.1,50,18.34323195,Underweight,19,7000,87,50,68.5,2,Female,3,1495,Zara Tanveer 
11/15/2024 14:59:08,i232652@isb.nu.edu.pk,23i-2652,03054309494,Other,185,62,18.11541271,Underweight,19,1000,80,86,83,2,Male,16,2206.666667,Hasnat Ahmad
11/15/2024 16:05:37,i232532@isb.nu.edu.pk,23i-2532,03098900594,Other,180,77,23.7654321,Normal,20,5000,80,52,66,2,Male,2,1763.333333,Muhammad Saad
11/15/2024 16:27:48,i240162@isb.nu.edu.pk,23i-0162,03172546333,Other,158,48,19.22768787,Normal,18,3000,80,65,72.5,3,Female,2,2163.333333,Amna Asif
11/15/2024 16:36:25,I221334@nu.edu.pk,22i-1334 ,03139867407,Other,170,68,23.52941176,Normal,22,6000,82,70,76,3,Male,15,3025,Saifullah Khan
11/15/2024 16:42:33,i228754@nu.edu.pk,22i-8754,03489928595,Other,160,60,23.4375,Normal,21,3000,60,65,62.5,3,Male,4,2676.666667,kashan karim
11/15/2024 17:28:40,i232635@lhr.nu.edu.pk,23i-2635,03106345230,Other,170,75,25.95155709,Overweight,20,100,77,59,68,3,Male,2,2613.333333,Hamza Mumtaz 
11/15/2024 18:15:38,i222695@nu.edu.pk,22i-2695,0333333333,Other,160,52,20.3125,Normal,21,2500,85,80,82.5,2,Female,3,1495,Shajia Tahir